"","V1","V2","V3","V4","V5"
"1","Paraquat","X7806396_chr12_561787_T_G","X8368585_chr13_45801_T_C","QTL-QTL","-"
"2","Paraquat","X8422838_chr13_100054_A_G","X7806396_chr12_561787_T_G","-","vQTL-vQTL"
"3","Paraquat","X9787398_chr14_540185_C_T","X10491978_chr15_460432_A_T","-","vQTL-vQTL"
"4","Paraquat","X8104639_chr12_860030_G_A","X8422838_chr13_100054_A_G","-","vQTL-vQTL"
"5","Paraquat","X8104639_chr12_860030_G_A","X10491978_chr15_460432_A_T","-","vQTL-vQTL"
"6","Paraquat","X8104639_chr12_860030_G_A","X9787398_chr14_540185_C_T","-","vQTL-vQTL"
"7","Paraquat","X40381_chr01_40381_G_A","X8104639_chr12_860030_G_A","-","vQTL-vQTL"
"8","Paraquat","X7020627_chr11_442472_C_T","X9002801_chr13_680017_A_G","-","vQTL-vQTL"
"9","Paraquat","X7020627_chr11_442472_C_T","X7806396_chr12_561787_T_G","-","vQTL-vQTL"
"10","Paraquat","X7020627_chr11_442472_C_T","X8422838_chr13_100054_A_G","-","vQTL-vQTL"
"11","Paraquat","X7020627_chr11_442472_C_T","X10491978_chr15_460432_A_T","-","vQTL-vQTL"
"12","Paraquat","X7020627_chr11_442472_C_T","X40381_chr01_40381_G_A","-","vQTL-vQTL"
"13","Paraquat","X9182964_chr13_860180_C_T","X7806396_chr12_561787_T_G","-","vQTL-vQTL"
"14","Paraquat","X9182964_chr13_860180_C_T","X8104639_chr12_860030_G_A","-","vQTL-vQTL"
"15","Paraquat","X9182964_chr13_860180_C_T","X40381_chr01_40381_G_A","-","vQTL-vQTL"
"16","Congo_red","X470752_chr02_240544_C_T","X10171558_chr15_140012_T_C","QTL-QTL","-"
"17","Congo_red","X470752_chr02_240544_C_T","X4929961_chr08_100075_A_G","QTL-QTL","-"
"18","Congo_red","X391021_chr02_160813_T_G","X4910707_chr08_80821_G_A","-","vQTL-vQTL"
"19","Congo_red","X11584877_chr16_462042_C_T","X10591736_chr15_560190_T_A","-","vQTL-vQTL"
"20","Congo_red","X11584877_chr16_462042_C_T","X4910707_chr08_80821_G_A","-","vQTL-vQTL"
"21","Congo_red","X11584877_chr16_462042_C_T","X391021_chr02_160813_T_G","-","vQTL-vQTL"
"22","Congo_red","X430694_chr02_200486_G_A","X10591736_chr15_560190_T_A","-","vQTL-vQTL"
"23","Congo_red","X430694_chr02_200486_G_A","X4910707_chr08_80821_G_A","-","vQTL-vQTL"
"24","Congo_red","X430694_chr02_200486_G_A","X11584877_chr16_462042_C_T","-","vQTL-vQTL"
"25","Congo_red","X10534137_chr15_502591_G_A","X391021_chr02_160813_T_G","-","vQTL-vQTL"
"26","Congo_red","X10534137_chr15_502591_G_A","X11584877_chr16_462042_C_T","-","vQTL-vQTL"
"27","Congo_red","X10534137_chr15_502591_G_A","X430694_chr02_200486_G_A","-","vQTL-vQTL"
"28","Congo_red","X8563378_chr13_240594_T_C","X4910707_chr08_80821_G_A","-","vQTL-vQTL"
"29","Congo_red","X8563378_chr13_240594_T_C","X10534137_chr15_502591_G_A","-","vQTL-vQTL"
"30","Congo_red","X9608744_chr14_361531_C_A","X10591736_chr15_560190_T_A","-","vQTL-vQTL"
"31","Congo_red","X9608744_chr14_361531_C_A","X10534137_chr15_502591_G_A","-","vQTL-vQTL"
"32","Zeocin","X4929961_chr08_100075_A_G","X10171558_chr15_140012_T_C","QTL-QTL","-"
"33","Zeocin","X4929961_chr08_100075_A_G","X7885056_chr12_640447_G_A","QTL-QTL","-"
"34","Zeocin","X4929961_chr08_100075_A_G","X9002801_chr13_680017_A_G","QTL-QTL","-"
"35","Zeocin","X8368585_chr13_45801_T_C","X5933477_chr10_101063_C_T","QTL-QTL","-"
"36","Zeocin","X8368585_chr13_45801_T_C","X7885056_chr12_640447_G_A","QTL-QTL","-"
"37","Zeocin","X4581150_chr07_842211_T_C","X6212688_chr10_380274_T_C","-","vQTL-vQTL"
"38","Zeocin","X5972827_chr10_140413_G_A","X9002801_chr13_680017_A_G","-","vQTL-vQTL"
"39","Zeocin","X7885056_chr12_640447_G_A","X6212688_chr10_380274_T_C","-","vQTL-vQTL"
"40","Zeocin","X7885056_chr12_640447_G_A","X9002801_chr13_680017_A_G","-","vQTL-vQTL"
"41","Zeocin","X11623022_chr16_500187_A_G","X10292860_chr15_261314_A_C","-","vQTL-vQTL"
"42","Zeocin","X6013625_chr10_181211_T_C","X9002801_chr13_680017_A_G","-","vQTL-vQTL"
"43","Zeocin","X6013625_chr10_181211_T_C","X4581150_chr07_842211_T_C","-","vQTL-vQTL"
"44","Zeocin","X6013625_chr10_181211_T_C","X10292860_chr15_261314_A_C","-","vQTL-vQTL"
"45","Zeocin","X6013625_chr10_181211_T_C","X650604_chr02_420396_A_G","-","vQTL-vQTL"
"46","Zeocin","X10171558_chr15_140012_T_C","X5972827_chr10_140413_G_A","-","vQTL-vQTL"
"47","Zeocin","X83285_chr01_83285_A_G","X7885056_chr12_640447_G_A","-","vQTL-vQTL"
"48","Zeocin","X83285_chr01_83285_A_G","X11623022_chr16_500187_A_G","-","vQTL-vQTL"
"49","Zeocin","X83285_chr01_83285_A_G","X10171558_chr15_140012_T_C","-","vQTL-vQTL"
"50","Zeocin","X11383971_chr16_261136_C_G","X9002801_chr13_680017_A_G","-","vQTL-vQTL"
"51","Zeocin","X4929961_chr08_100075_A_G","X9002801_chr13_680017_A_G","-","vQTL-vQTL"
"52","Zeocin","X4929961_chr08_100075_A_G","X10292860_chr15_261314_A_C","-","vQTL-vQTL"
"53","Zeocin","X4929961_chr08_100075_A_G","X7885056_chr12_640447_G_A","-","vQTL-vQTL"
"54","Zeocin","X4929961_chr08_100075_A_G","X650604_chr02_420396_A_G","-","vQTL-vQTL"
"55","Zeocin","X4929961_chr08_100075_A_G","X10171558_chr15_140012_T_C","-","vQTL-vQTL"
"56","Zeocin","X4929961_chr08_100075_A_G","X83285_chr01_83285_A_G","-","vQTL-vQTL"
"57","Zeocin","X4319121_chr07_580182_G_T","X10292860_chr15_261314_A_C","-","vQTL-vQTL"
"58","Zeocin","X4319121_chr07_580182_G_T","X7885056_chr12_640447_G_A","-","vQTL-vQTL"
"59","Zeocin","X4319121_chr07_580182_G_T","X11623022_chr16_500187_A_G","-","vQTL-vQTL"
"60","Zeocin","X4319121_chr07_580182_G_T","X650604_chr02_420396_A_G","-","vQTL-vQTL"
"61","Zeocin","X4319121_chr07_580182_G_T","X10171558_chr15_140012_T_C","-","vQTL-vQTL"
"62","Neomycin","X10212080_chr15_180534_A_G","X7885056_chr12_640447_G_A","QTL-QTL","-"
"63","Neomycin","X8583118_chr13_260334_T_C","X180067_chr01_180067_A_G","QTL-QTL","-"
"64","Neomycin","X8583118_chr13_260334_T_C","X6454104_chr10_621690_G_T","QTL-QTL","-"
"65","Neomycin","X8583118_chr13_260334_T_C","X5633199_chr09_240670_G_T","QTL-QTL","-"
"66","Neomycin","X9608744_chr14_361531_C_A","X8583118_chr13_260334_T_C","QTL-QTL","-"
"67","Neomycin","X6392443_chr10_560029_T_C","X4299026_chr07_560087_G_A","-","vQTL-vQTL"
"68","Neomycin","X6392443_chr10_560029_T_C","X3570955_chr06_102164_A_G","-","vQTL-vQTL"
"69","Neomycin","X8603062_chr13_280278_C_T","X3274726_chr05_382804_T_C","-","vQTL-vQTL"
"70","Neomycin","X8603062_chr13_280278_C_T","X6392443_chr10_560029_T_C","-","vQTL-vQTL"
"71","Neomycin","X9928145_chr14_680932_T_C","X8603062_chr13_280278_C_T","-","vQTL-vQTL"
"72","Neomycin","X6412510_chr10_580096_T_C","X4299026_chr07_560087_G_A","-","vQTL-vQTL"
"73","Neomycin","X6412510_chr10_580096_T_C","X4179637_chr07_440698_T_A","-","vQTL-vQTL"
"74","Neomycin","X6412510_chr10_580096_T_C","X8603062_chr13_280278_C_T","-","vQTL-vQTL"
"75","Neomycin","X9608744_chr14_361531_C_A","X5953689_chr10_121275_C_T","-","vQTL-vQTL"
"76","Neomycin","X9608744_chr14_361531_C_A","X8603062_chr13_280278_C_T","-","vQTL-vQTL"
"77","Neomycin","X7904982_chr12_660373_C_T","X9928145_chr14_680932_T_C","-","vQTL-vQTL"
"78","Neomycin","X1283989_chr03_240603_G_A","X4299026_chr07_560087_G_A","-","vQTL-vQTL"
"79","Neomycin","X1283989_chr03_240603_G_A","X3878975_chr07_140036_A_G","-","vQTL-vQTL"
"80","Neomycin","X1283989_chr03_240603_G_A","X5953689_chr10_121275_C_T","-","vQTL-vQTL"
"81","Neomycin","X1283989_chr03_240603_G_A","X6392443_chr10_560029_T_C","-","vQTL-vQTL"
"82","Neomycin","X1283989_chr03_240603_G_A","X8603062_chr13_280278_C_T","-","vQTL-vQTL"
"83","Neomycin","X3939296_chr07_200357_C_T","X5953689_chr10_121275_C_T","-","vQTL-vQTL"
"84","Neomycin","X3939296_chr07_200357_C_T","X8603062_chr13_280278_C_T","-","vQTL-vQTL"
"85","Neomycin","X3939296_chr07_200357_C_T","X1283989_chr03_240603_G_A","-","vQTL-vQTL"
"86","Neomycin","X6640355_chr11_62200_C_T","X2080646_chr04_720643_A_G","-","vQTL-vQTL"
"87","Neomycin","X5633199_chr09_240670_G_T","X3570955_chr06_102164_A_G","-","vQTL-vQTL"
"88","Neomycin","X5633199_chr09_240670_G_T","X8603062_chr13_280278_C_T","-","vQTL-vQTL"
"89","Neomycin","X1760710_chr04_400707_T_A","X8603062_chr13_280278_C_T","-","vQTL-vQTL"
"90","Neomycin","X1760710_chr04_400707_T_A","X9608744_chr14_361531_C_A","-","vQTL-vQTL"
"91","Neomycin","X180067_chr01_180067_A_G","X8603062_chr13_280278_C_T","-","vQTL-vQTL"
"92","Neomycin","X180067_chr01_180067_A_G","X6412510_chr10_580096_T_C","-","vQTL-vQTL"
"93","Neomycin","X180067_chr01_180067_A_G","X9608744_chr14_361531_C_A","-","vQTL-vQTL"
"94","Neomycin","X8185533_chr12_940924_G_T","X8603062_chr13_280278_C_T","-","vQTL-vQTL"
"95","Neomycin","X11343305_chr16_220470_T_C","X8603062_chr13_280278_C_T","-","vQTL-vQTL"
"96","Neomycin","X11343305_chr16_220470_T_C","X7904982_chr12_660373_C_T","-","vQTL-vQTL"
"97","Diamide","X6292453_chr10_460039_A_G","X8583118_chr13_260334_T_C","-","vQTL-vQTL"
"98","Diamide","X11483532_chr16_360697_A_T","X8422838_chr13_100054_A_G","-","vQTL-vQTL"
"99","Diamide","X11483532_chr16_360697_A_T","X6779408_chr11_201253_G_A","-","vQTL-vQTL"
"100","Diamide","X4910707_chr08_80821_G_A","X6292453_chr10_460039_A_G","-","vQTL-vQTL"
"101","Diamide","X4910707_chr08_80821_G_A","X3999857_chr07_260918_T_C","-","vQTL-vQTL"
"102","Diamide","X6698335_chr11_120180_C_T","X11483532_chr16_360697_A_T","-","vQTL-vQTL"
"103","Diamide","X5270694_chr08_440808_C_T","X4910707_chr08_80821_G_A","-","vQTL-vQTL"
"104","Diamide","X4119310_chr07_380371_T_C","X8422838_chr13_100054_A_G","-","vQTL-vQTL"
"105","Diamide","X4119310_chr07_380371_T_C","X4910707_chr08_80821_G_A","-","vQTL-vQTL"
"106","Diamide","X8543509_chr13_220725_A_G","X9947381_chr14_700168_C_T","-","vQTL-vQTL"
"107","Diamide","X850305_chr02_620097_G_A","X11483532_chr16_360697_A_T","-","vQTL-vQTL"
"108","Diamide","X850305_chr02_620097_G_A","X9947381_chr14_700168_C_T","-","vQTL-vQTL"
"109","Diamide","X850305_chr02_620097_G_A","X790369_chr02_560161_T_A","-","vQTL-vQTL"
"110","Diamide","X40381_chr01_40381_G_A","X8583118_chr13_260334_T_C","-","vQTL-vQTL"
"111","Diamide","X40381_chr01_40381_G_A","X6779408_chr11_201253_G_A","-","vQTL-vQTL"
"112","Diamide","X40381_chr01_40381_G_A","X8543509_chr13_220725_A_G","-","vQTL-vQTL"
"113","Diamide","X40381_chr01_40381_G_A","X790369_chr02_560161_T_A","-","vQTL-vQTL"
"114","Diamide","X40381_chr01_40381_G_A","X850305_chr02_620097_G_A","-","vQTL-vQTL"
"115","Magnesium_Sulfate","X7885056_chr12_640447_G_A","X10171558_chr15_140012_T_C","QTL-QTL","-"
"116","Magnesium_Sulfate","X3919952_chr07_181013_T_C","X10171558_chr15_140012_T_C","QTL-QTL","-"
"117","Magnesium_Sulfate","X3919952_chr07_181013_T_C","X7885056_chr12_640447_G_A","QTL-QTL","-"
"118","Magnesium_Sulfate","X690404_chr02_460196_A_G","X10171558_chr15_140012_T_C","QTL-QTL","-"
"119","Magnesium_Sulfate","X690404_chr02_460196_A_G","X3919952_chr07_181013_T_C","QTL-QTL","-"
"120","Magnesium_Sulfate","X4562353_chr07_823414_T_G","X10171558_chr15_140012_T_C","QTL-QTL","-"
"121","Magnesium_Sulfate","X4562353_chr07_823414_T_G","X3919952_chr07_181013_T_C","QTL-QTL","-"
"122","Magnesium_Sulfate","X8543509_chr13_220725_A_G","X3919952_chr07_181013_T_C","QTL-QTL","-"
"123","Magnesium_Sulfate","X9648191_chr14_400978_T_G","X10392139_chr15_360593_A_G","-","vQTL-vQTL"
"124","Magnesium_Sulfate","X3919952_chr07_181013_T_C","X8525266_chr13_202482_A_G","-","vQTL-vQTL"
"125","Magnesium_Sulfate","X3919952_chr07_181013_T_C","X10392139_chr15_360593_A_G","-","vQTL-vQTL"
"126","Magnesium_Sulfate","X3919952_chr07_181013_T_C","X890392_chr02_660184_A_G","-","vQTL-vQTL"
"127","Magnesium_Sulfate","X3919952_chr07_181013_T_C","X9648191_chr14_400978_T_G","-","vQTL-vQTL"
"128","Magnesium_Sulfate","X3919952_chr07_181013_T_C","X8104639_chr12_860030_G_A","-","vQTL-vQTL"
"129","Magnesium_Sulfate","X3919952_chr07_181013_T_C","X770498_chr02_540290_G_A","-","vQTL-vQTL"
"130","Magnesium_Sulfate","X7885056_chr12_640447_G_A","X10392139_chr15_360593_A_G","-","vQTL-vQTL"
"131","Magnesium_Sulfate","X7885056_chr12_640447_G_A","X8104639_chr12_860030_G_A","-","vQTL-vQTL"
"132","Magnesium_Sulfate","X7885056_chr12_640447_G_A","X3919952_chr07_181013_T_C","-","vQTL-vQTL"
"133","Magnesium_Sulfate","X4562353_chr07_823414_T_G","X8104639_chr12_860030_G_A","-","vQTL-vQTL"
"134","Magnesium_Sulfate","X4562353_chr07_823414_T_G","X770498_chr02_540290_G_A","-","vQTL-vQTL"
"135","Magnesium_Sulfate","X4562353_chr07_823414_T_G","X3919952_chr07_181013_T_C","-","vQTL-vQTL"
"136","Magnesium_Sulfate","X11293070_chr16_170235_T_C","X9648191_chr14_400978_T_G","-","vQTL-vQTL"
"137","Magnesium_Sulfate","X11293070_chr16_170235_T_C","X3919952_chr07_181013_T_C","-","vQTL-vQTL"
"138","Magnesium_Sulfate","X8045464_chr12_800855_C_G","X10392139_chr15_360593_A_G","-","vQTL-vQTL"
"139","Magnesium_Sulfate","X8045464_chr12_800855_C_G","X3919952_chr07_181013_T_C","-","vQTL-vQTL"
"140","Magnesium_Sulfate","X8045464_chr12_800855_C_G","X4562353_chr07_823414_T_G","-","vQTL-vQTL"
"141","Magnesium_Sulfate","X10171558_chr15_140012_T_C","X770498_chr02_540290_G_A","-","vQTL-vQTL"
"142","Magnesium_Sulfate","X10171558_chr15_140012_T_C","X3919952_chr07_181013_T_C","-","vQTL-vQTL"
"143","Magnesium_Sulfate","X10171558_chr15_140012_T_C","X7885056_chr12_640447_G_A","-","vQTL-vQTL"
"144","Magnesium_Sulfate","X10171558_chr15_140012_T_C","X4562353_chr07_823414_T_G","-","vQTL-vQTL"
"145","Magnesium_Sulfate","X4679024_chr07_940085_C_T","X8104639_chr12_860030_G_A","-","vQTL-vQTL"
"146","Magnesium_Sulfate","X4679024_chr07_940085_C_T","X3919952_chr07_181013_T_C","-","vQTL-vQTL"
"147","Magnesium_Sulfate","X4679024_chr07_940085_C_T","X7885056_chr12_640447_G_A","-","vQTL-vQTL"
"148","Magnesium_Sulfate","X4679024_chr07_940085_C_T","X4562353_chr07_823414_T_G","-","vQTL-vQTL"
"149","Magnesium_Sulfate","X4679024_chr07_940085_C_T","X8045464_chr12_800855_C_G","-","vQTL-vQTL"
"150","Magnesium_Sulfate","X4679024_chr07_940085_C_T","X10171558_chr15_140012_T_C","-","vQTL-vQTL"
"151","Magnesium_Sulfate","X4739799_chr07_1000860_C_T","X8104639_chr12_860030_G_A","-","vQTL-vQTL"
"152","Magnesium_Sulfate","X4739799_chr07_1000860_C_T","X3919952_chr07_181013_T_C","-","vQTL-vQTL"
"153","Magnesium_Sulfate","X4739799_chr07_1000860_C_T","X11293070_chr16_170235_T_C","-","vQTL-vQTL"
"154","Magnesium_Sulfate","X4739799_chr07_1000860_C_T","X10171558_chr15_140012_T_C","-","vQTL-vQTL"
"155","Magnesium_Sulfate","X7985424_chr12_740815_A_G","X10392139_chr15_360593_A_G","-","vQTL-vQTL"
"156","Magnesium_Sulfate","X7985424_chr12_740815_A_G","X3919952_chr07_181013_T_C","-","vQTL-vQTL"
"157","Magnesium_Sulfate","X7985424_chr12_740815_A_G","X4562353_chr07_823414_T_G","-","vQTL-vQTL"
"158","Magnesium_Sulfate","X7985424_chr12_740815_A_G","X10171558_chr15_140012_T_C","-","vQTL-vQTL"
"159","Magnesium_Sulfate","X7985424_chr12_740815_A_G","X4679024_chr07_940085_C_T","-","vQTL-vQTL"
"160","Magnesium_Sulfate","X7985424_chr12_740815_A_G","X4739799_chr07_1000860_C_T","-","vQTL-vQTL"
"161","Magnesium_Sulfate","X2760038_chr04_1400035_G_A","X8104639_chr12_860030_G_A","-","vQTL-vQTL"
"162","Magnesium_Sulfate","X2760038_chr04_1400035_G_A","X3919952_chr07_181013_T_C","-","vQTL-vQTL"
"163","Magnesium_Sulfate","X2760038_chr04_1400035_G_A","X7885056_chr12_640447_G_A","-","vQTL-vQTL"
"164","Magnesium_Sulfate","X2760038_chr04_1400035_G_A","X8045464_chr12_800855_C_G","-","vQTL-vQTL"
"165","Magnesium_Sulfate","X2760038_chr04_1400035_G_A","X10171558_chr15_140012_T_C","-","vQTL-vQTL"
"166","Magnesium_Sulfate","X2760038_chr04_1400035_G_A","X7985424_chr12_740815_A_G","-","vQTL-vQTL"
"167","Magnesium_Sulfate","X3091974_chr05_200052_T_C","X3919952_chr07_181013_T_C","-","vQTL-vQTL"
"168","Magnesium_Sulfate","X7078180_chr11_500025_T_C","X3919952_chr07_181013_T_C","-","vQTL-vQTL"
"169","Magnesium_Sulfate","X7078180_chr11_500025_T_C","X4562353_chr07_823414_T_G","-","vQTL-vQTL"
"170","Magnesium_Sulfate","X7078180_chr11_500025_T_C","X4679024_chr07_940085_C_T","-","vQTL-vQTL"
"171","Magnesium_Sulfate","X7078180_chr11_500025_T_C","X4739799_chr07_1000860_C_T","-","vQTL-vQTL"
"172","Magnesium_Sulfate","X7078180_chr11_500025_T_C","X3091974_chr05_200052_T_C","-","vQTL-vQTL"
"173","Magnesium_Sulfate","X690404_chr02_460196_A_G","X9648191_chr14_400978_T_G","-","vQTL-vQTL"
"174","Magnesium_Sulfate","X690404_chr02_460196_A_G","X8104639_chr12_860030_G_A","-","vQTL-vQTL"
"175","Magnesium_Sulfate","X690404_chr02_460196_A_G","X3919952_chr07_181013_T_C","-","vQTL-vQTL"
"176","Magnesium_Sulfate","X690404_chr02_460196_A_G","X11293070_chr16_170235_T_C","-","vQTL-vQTL"
"177","Magnesium_Sulfate","X690404_chr02_460196_A_G","X10171558_chr15_140012_T_C","-","vQTL-vQTL"
"178","Magnesium_Sulfate","X690404_chr02_460196_A_G","X2760038_chr04_1400035_G_A","-","vQTL-vQTL"
"179","Tunicamycin","X5933477_chr10_101063_C_T","X8368585_chr13_45801_T_C","QTL-QTL","-"
"180","Tunicamycin","X2721027_chr04_1361024_A_G","X6474157_chr10_641743_G_A","QTL-QTL","-"
"181","Tunicamycin","X9747601_chr14_500388_A_G","X3391980_chr05_500058_G_T","-","vQTL-vQTL"
"182","Tunicamycin","X9747601_chr14_500388_A_G","X4099383_chr07_360444_T_C","-","vQTL-vQTL"
"183","Tunicamycin","X11687535_chr16_564700_T_C","X3391980_chr05_500058_G_T","-","vQTL-vQTL"
"184","Tunicamycin","X11687535_chr16_564700_T_C","X4099383_chr07_360444_T_C","-","vQTL-vQTL"
"185","Tunicamycin","X11687535_chr16_564700_T_C","X9747601_chr14_500388_A_G","-","vQTL-vQTL"
"186","Tunicamycin","X5533539_chr09_141010_G_A","X3391980_chr05_500058_G_T","-","vQTL-vQTL"
"187","Tunicamycin","X5533539_chr09_141010_G_A","X9747601_chr14_500388_A_G","-","vQTL-vQTL"
"188","Tunicamycin","X5533539_chr09_141010_G_A","X11687535_chr16_564700_T_C","-","vQTL-vQTL"
"189","Indoleacetic_Acid","X1223509_chr03_180123_G_A","X8722956_chr13_400172_C_T","QTL-QTL","-"
"190","Indoleacetic_Acid","X1223509_chr03_180123_G_A","X2363824_chr04_1003821_C_T","QTL-QTL","-"
"191","Indoleacetic_Acid","X4910707_chr08_80821_G_A","X8722956_chr13_400172_C_T","QTL-QTL","-"
"192","Indoleacetic_Acid","X4910707_chr08_80821_G_A","X2363824_chr04_1003821_C_T","QTL-QTL","-"
"193","Indoleacetic_Acid","X4910707_chr08_80821_G_A","X1223509_chr03_180123_G_A","QTL-QTL","-"
"194","Indoleacetic_Acid","X9627834_chr14_380621_T_A","X1223509_chr03_180123_G_A","QTL-QTL","-"
"195","Indoleacetic_Acid","X9627834_chr14_380621_T_A","X4910707_chr08_80821_G_A","QTL-QTL","-"
"196","Indoleacetic_Acid","X10312925_chr15_281379_C_T","X1223509_chr03_180123_G_A","-","vQTL-vQTL"
"197","Indoleacetic_Acid","X7985424_chr12_740815_A_G","X10312925_chr15_281379_C_T","-","vQTL-vQTL"
"198","Indoleacetic_Acid","X9870620_chr14_623407_A_T","X1223509_chr03_180123_G_A","-","vQTL-vQTL"
"199","Indoleacetic_Acid","X8722956_chr13_400172_C_T","X1223509_chr03_180123_G_A","-","vQTL-vQTL"
"200","Indoleacetic_Acid","X8722956_chr13_400172_C_T","X10312925_chr15_281379_C_T","-","vQTL-vQTL"
"201","Indoleacetic_Acid","X2353025_chr04_993022_T_A","X1223509_chr03_180123_G_A","-","vQTL-vQTL"
"202","Indoleacetic_Acid","X2353025_chr04_993022_T_A","X8064895_chr12_820286_C_T","-","vQTL-vQTL"
"203","Indoleacetic_Acid","X2353025_chr04_993022_T_A","X10312925_chr15_281379_C_T","-","vQTL-vQTL"
"204","Indoleacetic_Acid","X2353025_chr04_993022_T_A","X7985424_chr12_740815_A_G","-","vQTL-vQTL"
"205","Indoleacetic_Acid","X2353025_chr04_993022_T_A","X9870620_chr14_623407_A_T","-","vQTL-vQTL"
"206","Indoleacetic_Acid","X5672608_chr09_280079_T_G","X1223509_chr03_180123_G_A","-","vQTL-vQTL"
"207","Indoleacetic_Acid","X5672608_chr09_280079_T_G","X8064895_chr12_820286_C_T","-","vQTL-vQTL"
"208","Indoleacetic_Acid","X5672608_chr09_280079_T_G","X9870620_chr14_623407_A_T","-","vQTL-vQTL"
"209","Indoleacetic_Acid","X5672608_chr09_280079_T_G","X2353025_chr04_993022_T_A","-","vQTL-vQTL"
"210","Indoleacetic_Acid","X10471563_chr15_440017_T_C","X7985424_chr12_740815_A_G","-","vQTL-vQTL"
"211","Indoleacetic_Acid","X10471563_chr15_440017_T_C","X8722956_chr13_400172_C_T","-","vQTL-vQTL"
"212","Indoleacetic_Acid","X10192190_chr15_160644_C_T","X8064895_chr12_820286_C_T","-","vQTL-vQTL"
"213","Indoleacetic_Acid","X10192190_chr15_160644_C_T","X7985424_chr12_740815_A_G","-","vQTL-vQTL"
"214","Indoleacetic_Acid","X10192190_chr15_160644_C_T","X9870620_chr14_623407_A_T","-","vQTL-vQTL"
"215","Indoleacetic_Acid","X4929961_chr08_100075_A_G","X1223509_chr03_180123_G_A","-","vQTL-vQTL"
"216","Indoleacetic_Acid","X4929961_chr08_100075_A_G","X8064895_chr12_820286_C_T","-","vQTL-vQTL"
"217","Indoleacetic_Acid","X4929961_chr08_100075_A_G","X10312925_chr15_281379_C_T","-","vQTL-vQTL"
"218","Indoleacetic_Acid","X4929961_chr08_100075_A_G","X7985424_chr12_740815_A_G","-","vQTL-vQTL"
"219","Indoleacetic_Acid","X4929961_chr08_100075_A_G","X9870620_chr14_623407_A_T","-","vQTL-vQTL"
"220","Indoleacetic_Acid","X4929961_chr08_100075_A_G","X8722956_chr13_400172_C_T","-","vQTL-vQTL"
"221","Indoleacetic_Acid","X4929961_chr08_100075_A_G","X2353025_chr04_993022_T_A","-","vQTL-vQTL"
"222","Indoleacetic_Acid","X4929961_chr08_100075_A_G","X5672608_chr09_280079_T_G","-","vQTL-vQTL"
"223","Indoleacetic_Acid","X4929961_chr08_100075_A_G","X10471563_chr15_440017_T_C","-","vQTL-vQTL"
"224","Indoleacetic_Acid","X4929961_chr08_100075_A_G","X10192190_chr15_160644_C_T","-","vQTL-vQTL"
"225","Indoleacetic_Acid","X5992616_chr10_160202_G_C","X1223509_chr03_180123_G_A","-","vQTL-vQTL"
"226","Indoleacetic_Acid","X5992616_chr10_160202_G_C","X10312925_chr15_281379_C_T","-","vQTL-vQTL"
"227","Indoleacetic_Acid","X5992616_chr10_160202_G_C","X9870620_chr14_623407_A_T","-","vQTL-vQTL"
"228","Indoleacetic_Acid","X5992616_chr10_160202_G_C","X2353025_chr04_993022_T_A","-","vQTL-vQTL"
"229","Indoleacetic_Acid","X5992616_chr10_160202_G_C","X10471563_chr15_440017_T_C","-","vQTL-vQTL"
"230","Indoleacetic_Acid","X5992616_chr10_160202_G_C","X4929961_chr08_100075_A_G","-","vQTL-vQTL"
"231","Indoleacetic_Acid","X9709078_chr14_461865_C_G","X1223509_chr03_180123_G_A","-","vQTL-vQTL"
"232","Indoleacetic_Acid","X9709078_chr14_461865_C_G","X10312925_chr15_281379_C_T","-","vQTL-vQTL"
"233","Indoleacetic_Acid","X9709078_chr14_461865_C_G","X2353025_chr04_993022_T_A","-","vQTL-vQTL"
"234","Indoleacetic_Acid","X9709078_chr14_461865_C_G","X5672608_chr09_280079_T_G","-","vQTL-vQTL"
"235","Indoleacetic_Acid","X9709078_chr14_461865_C_G","X10471563_chr15_440017_T_C","-","vQTL-vQTL"
"236","Indoleacetic_Acid","X9709078_chr14_461865_C_G","X10192190_chr15_160644_C_T","-","vQTL-vQTL"
"237","Indoleacetic_Acid","X9709078_chr14_461865_C_G","X4929961_chr08_100075_A_G","-","vQTL-vQTL"
"238","Formamide","X9729110_chr14_481897_A_G","X4929961_chr08_100075_A_G","QTL-QTL","-"
"239","Formamide","X2353025_chr04_993022_T_A","X4929961_chr08_100075_A_G","QTL-QTL","-"
"240","Formamide","X2353025_chr04_993022_T_A","X9729110_chr14_481897_A_G","QTL-QTL","-"
"241","Formamide","X1223509_chr03_180123_G_A","X10192190_chr15_160644_C_T","QTL-QTL","-"
"242","Formamide","X1223509_chr03_180123_G_A","X4929961_chr08_100075_A_G","QTL-QTL","-"
"243","Formamide","X2320835_chr04_960832_T_C","X9709078_chr14_461865_C_G","-","vQTL-vQTL"
"244","Formamide","X10375030_chr15_343484_G_T","X9709078_chr14_461865_C_G","-","vQTL-vQTL"
"245","Formamide","X10375030_chr15_343484_G_T","X2320835_chr04_960832_T_C","-","vQTL-vQTL"
"246","Formamide","X4890075_chr08_60189_C_T","X9709078_chr14_461865_C_G","-","vQTL-vQTL"
"247","Formamide","X4890075_chr08_60189_C_T","X10471563_chr15_440017_T_C","-","vQTL-vQTL"
"248","Formamide","X4890075_chr08_60189_C_T","X2320835_chr04_960832_T_C","-","vQTL-vQTL"
"249","Formamide","X4890075_chr08_60189_C_T","X10375030_chr15_343484_G_T","-","vQTL-vQTL"
"250","Formamide","X3650471_chr06_181680_A_G","X9709078_chr14_461865_C_G","-","vQTL-vQTL"
"251","Formamide","X3650471_chr06_181680_A_G","X2320835_chr04_960832_T_C","-","vQTL-vQTL"
"252","Formamide","X9870620_chr14_623407_A_T","X4890075_chr08_60189_C_T","-","vQTL-vQTL"
"253","Formamide","X9870620_chr14_623407_A_T","X3650471_chr06_181680_A_G","-","vQTL-vQTL"
"254","Formamide","X7344734_chr12_100125_C_T","X9709078_chr14_461865_C_G","-","vQTL-vQTL"
"255","Formamide","X7344734_chr12_100125_C_T","X2320835_chr04_960832_T_C","-","vQTL-vQTL"
"256","Formamide","X7344734_chr12_100125_C_T","X4890075_chr08_60189_C_T","-","vQTL-vQTL"
"257","Formamide","X7344734_chr12_100125_C_T","X3650471_chr06_181680_A_G","-","vQTL-vQTL"
"258","Formamide","X7344734_chr12_100125_C_T","X9870620_chr14_623407_A_T","-","vQTL-vQTL"
"259","Hydroquinone","X11723117_chr16_600282_T_G","X10251886_chr15_220340_G_A","QTL-QTL","-"
"260","Hydroquinone","X1821426_chr04_461423_C_T","X10251886_chr15_220340_G_A","QTL-QTL","-"
"261","Hydroquinone","X11324450_chr16_201615_G_A","X10251886_chr15_220340_G_A","QTL-QTL","-"
"262","Hydroquinone","X11324450_chr16_201615_G_A","X10251886_chr15_220340_G_A","-","vQTL-vQTL"
"263","Hydroquinone","X1821426_chr04_461423_C_T","X3151975_chr05_260053_A_G","-","vQTL-vQTL"
"264","Hydroquinone","X1821426_chr04_461423_C_T","X2972971_chr05_81049_C_T","-","vQTL-vQTL"
"265","Hydroquinone","X1821426_chr04_461423_C_T","X10251886_chr15_220340_G_A","-","vQTL-vQTL"
"266","Hydroquinone","X10091576_chr15_60030_A_G","X2972971_chr05_81049_C_T","-","vQTL-vQTL"
"267","Hydroquinone","X10091576_chr15_60030_A_G","X1821426_chr04_461423_C_T","-","vQTL-vQTL"
"268","Hydroquinone","X6454104_chr10_621690_G_T","X10251886_chr15_220340_G_A","-","vQTL-vQTL"
"269","Hydroquinone","X6454104_chr10_621690_G_T","X1821426_chr04_461423_C_T","-","vQTL-vQTL"
"270","Hydroquinone","X6454104_chr10_621690_G_T","X10091576_chr15_60030_A_G","-","vQTL-vQTL"
"271","Hydroquinone","X5010797_chr08_180911_A_G","X10251886_chr15_220340_G_A","-","vQTL-vQTL"
"272","Hydroquinone","X5010797_chr08_180911_A_G","X11324450_chr16_201615_G_A","-","vQTL-vQTL"
"273","Hydroquinone","X5010797_chr08_180911_A_G","X1821426_chr04_461423_C_T","-","vQTL-vQTL"
"274","Hydroquinone","X5010797_chr08_180911_A_G","X10091576_chr15_60030_A_G","-","vQTL-vQTL"
"275","Hydroquinone","X3073056_chr05_181134_T_C","X1821426_chr04_461423_C_T","-","vQTL-vQTL"
"276","Hydroquinone","X11643232_chr16_520397_T_C","X10251886_chr15_220340_G_A","-","vQTL-vQTL"
"277","Hydroquinone","X11643232_chr16_520397_T_C","X1821426_chr04_461423_C_T","-","vQTL-vQTL"
"278","Hydroquinone","X11643232_chr16_520397_T_C","X10091576_chr15_60030_A_G","-","vQTL-vQTL"
"279","Hydroquinone","X11643232_chr16_520397_T_C","X5010797_chr08_180911_A_G","-","vQTL-vQTL"
"280","Hydroquinone","X10651944_chr15_620398_T_C","X2972971_chr05_81049_C_T","-","vQTL-vQTL"
"281","Hydroquinone","X10651944_chr15_620398_T_C","X1821426_chr04_461423_C_T","-","vQTL-vQTL"
"282","Hydroquinone","X10651944_chr15_620398_T_C","X10091576_chr15_60030_A_G","-","vQTL-vQTL"
"283","Hydroquinone","X10651944_chr15_620398_T_C","X3073056_chr05_181134_T_C","-","vQTL-vQTL"
"284","Hydroquinone","X1460719_chr04_100716_A_G","X6454104_chr10_621690_G_T","-","vQTL-vQTL"
"285","Hydroquinone","X1601169_chr04_241166_G_A","X10091576_chr15_60030_A_G","-","vQTL-vQTL"
"286","Hydroquinone","X1601169_chr04_241166_G_A","X5010797_chr08_180911_A_G","-","vQTL-vQTL"
"287","Hydroquinone","X1601169_chr04_241166_G_A","X10651944_chr15_620398_T_C","-","vQTL-vQTL"
"288","Hydroquinone","X5090231_chr08_260345_T_C","X11324450_chr16_201615_G_A","-","vQTL-vQTL"
"289","Hydroquinone","X10155251_chr15_123705_A_G","X2972971_chr05_81049_C_T","-","vQTL-vQTL"
"290","Hydroquinone","X10155251_chr15_123705_A_G","X11324450_chr16_201615_G_A","-","vQTL-vQTL"
"291","Hydroquinone","X10155251_chr15_123705_A_G","X1821426_chr04_461423_C_T","-","vQTL-vQTL"
"292","Hydroquinone","X10155251_chr15_123705_A_G","X5010797_chr08_180911_A_G","-","vQTL-vQTL"
"293","Hydroquinone","X10155251_chr15_123705_A_G","X10651944_chr15_620398_T_C","-","vQTL-vQTL"
"294","Hydroquinone","X10155251_chr15_123705_A_G","X1601169_chr04_241166_G_A","-","vQTL-vQTL"
"295","Hydroxyurea","X10171558_chr15_140012_T_C","X4639697_chr07_900758_C_A","-","vQTL-vQTL"
"296","Hydroxyurea","X1980091_chr04_620088_T_C","X4639697_chr07_900758_C_A","-","vQTL-vQTL"
"297","Hydroxyurea","X1980091_chr04_620088_T_C","X10171558_chr15_140012_T_C","-","vQTL-vQTL"
"298","Hydroxyurea","X9772433_chr14_525220_A_G","X1980091_chr04_620088_T_C","-","vQTL-vQTL"
"299","Hydroxyurea","X180067_chr01_180067_A_G","X4639697_chr07_900758_C_A","-","vQTL-vQTL"
"300","Hydroxyurea","X180067_chr01_180067_A_G","X10171558_chr15_140012_T_C","-","vQTL-vQTL"
"301","Hydroxyurea","X180067_chr01_180067_A_G","X1980091_chr04_620088_T_C","-","vQTL-vQTL"
"302","x4NQO","X7448023_chr12_203414_G_T","X9709078_chr14_461865_C_G","QTL-QTL","-"
"303","x4NQO","X10672028_chr15_640482_A_G","X7448023_chr12_203414_G_T","QTL-QTL","-"
"304","x4NQO","X11011740_chr15_980194_C_T","X7448023_chr12_203414_G_T","QTL-QTL","-"
"305","x4NQO","X3312210_chr05_420288_C_T","X3819060_chr07_80121_T_C","-","vQTL-vQTL"
"306","x4NQO","X5892591_chr10_60177_T_A","X5453373_chr09_60844_T_C","-","vQTL-vQTL"
"307","x4NQO","X5892591_chr10_60177_T_A","X3312210_chr05_420288_C_T","-","vQTL-vQTL"
"308","x4NQO","X5892591_chr10_60177_T_A","X9689605_chr14_442392_C_A","-","vQTL-vQTL"
"309","x4NQO","X6718498_chr11_140343_A_G","X9689605_chr14_442392_C_A","-","vQTL-vQTL"
"310","x4NQO","X6718498_chr11_140343_A_G","X5892591_chr10_60177_T_A","-","vQTL-vQTL"
"311","x4NQO","X10672028_chr15_640482_A_G","X591068_chr02_360860_T_C","-","vQTL-vQTL"
"312","x4NQO","X10672028_chr15_640482_A_G","X4119310_chr07_380371_T_C","-","vQTL-vQTL"
"313","x4NQO","X10672028_chr15_640482_A_G","X5892591_chr10_60177_T_A","-","vQTL-vQTL"
"314","x4NQO","X5554264_chr09_161735_T_C","X10672028_chr15_640482_A_G","-","vQTL-vQTL"
"315","x4NQO","X2951979_chr05_60057_A_G","X591068_chr02_360860_T_C","-","vQTL-vQTL"
"316","x4NQO","X2951979_chr05_60057_A_G","X4119310_chr07_380371_T_C","-","vQTL-vQTL"
"317","x4NQO","X2951979_chr05_60057_A_G","X5892591_chr10_60177_T_A","-","vQTL-vQTL"
"318","x4NQO","X2951979_chr05_60057_A_G","X10672028_chr15_640482_A_G","-","vQTL-vQTL"
"319","x4NQO","X7448023_chr12_203414_G_T","X591068_chr02_360860_T_C","-","vQTL-vQTL"
"320","x4NQO","X7448023_chr12_203414_G_T","X3819060_chr07_80121_T_C","-","vQTL-vQTL"
"321","x4NQO","X7448023_chr12_203414_G_T","X5453373_chr09_60844_T_C","-","vQTL-vQTL"
"322","x4NQO","X7448023_chr12_203414_G_T","X4119310_chr07_380371_T_C","-","vQTL-vQTL"
"323","x4NQO","X7448023_chr12_203414_G_T","X9689605_chr14_442392_C_A","-","vQTL-vQTL"
"324","x4NQO","X7448023_chr12_203414_G_T","X5250137_chr08_420251_A_T","-","vQTL-vQTL"
"325","x4NQO","X7448023_chr12_203414_G_T","X7885056_chr12_640447_G_A","-","vQTL-vQTL"
"326","x4NQO","X7448023_chr12_203414_G_T","X6718498_chr11_140343_A_G","-","vQTL-vQTL"
"327","x4NQO","X7448023_chr12_203414_G_T","X10672028_chr15_640482_A_G","-","vQTL-vQTL"
"328","x4NQO","X7448023_chr12_203414_G_T","X5554264_chr09_161735_T_C","-","vQTL-vQTL"
"329","x4NQO","X7448023_chr12_203414_G_T","X2951979_chr05_60057_A_G","-","vQTL-vQTL"
"330","x4NQO","X3112029_chr05_220107_C_T","X7448023_chr12_203414_G_T","-","vQTL-vQTL"
"331","x4NQO","X10192190_chr15_160644_C_T","X4119310_chr07_380371_T_C","-","vQTL-vQTL"
"332","Cobalt_Chloride","X1123830_chr03_80444_C_T","X180067_chr01_180067_A_G","QTL-QTL","-"
"333","Cobalt_Chloride","X10192190_chr15_160644_C_T","X7985424_chr12_740815_A_G","-","vQTL-vQTL"
"334","Cobalt_Chloride","X10192190_chr15_160644_C_T","X7885056_chr12_640447_G_A","-","vQTL-vQTL"
"335","Cobalt_Chloride","X9772433_chr14_525220_A_G","X7885056_chr12_640447_G_A","-","vQTL-vQTL"
"336","Cobalt_Chloride","X9772433_chr14_525220_A_G","X10192190_chr15_160644_C_T","-","vQTL-vQTL"
"337","Cobalt_Chloride","X6474157_chr10_641743_G_A","X7885056_chr12_640447_G_A","-","vQTL-vQTL"
"338","Cobalt_Chloride","X6474157_chr10_641743_G_A","X9772433_chr14_525220_A_G","-","vQTL-vQTL"
"339","Cobalt_Chloride","X6172503_chr10_340089_C_T","X7885056_chr12_640447_G_A","-","vQTL-vQTL"
"340","Cobalt_Chloride","X6172503_chr10_340089_C_T","X9772433_chr14_525220_A_G","-","vQTL-vQTL"
"341","Cobalt_Chloride","X6172503_chr10_340089_C_T","X6474157_chr10_641743_G_A","-","vQTL-vQTL"
"342","Cobalt_Chloride","X4240490_chr07_501551_A_T","X7985424_chr12_740815_A_G","-","vQTL-vQTL"
"343","Cobalt_Chloride","X4240490_chr07_501551_A_T","X7885056_chr12_640447_G_A","-","vQTL-vQTL"
"344","Cobalt_Chloride","X4240490_chr07_501551_A_T","X10192190_chr15_160644_C_T","-","vQTL-vQTL"
"345","Cobalt_Chloride","X4240490_chr07_501551_A_T","X6474157_chr10_641743_G_A","-","vQTL-vQTL"
"346","Cobalt_Chloride","X4240490_chr07_501551_A_T","X6172503_chr10_340089_C_T","-","vQTL-vQTL"
"347","Copper","X9667278_chr14_420065_T_C","X5032616_chr08_202730_A_C","QTL-QTL","-"
"348","Copper","X9667278_chr14_420065_T_C","X7178862_chr11_600707_A_G","QTL-QTL","-"
"349","Copper","X8368585_chr13_45801_T_C","X5032616_chr08_202730_A_C","QTL-QTL","-"
"350","Copper","X8368585_chr13_45801_T_C","X7178862_chr11_600707_A_G","QTL-QTL","-"
"351","Copper","X8368585_chr13_45801_T_C","X9667278_chr14_420065_T_C","QTL-QTL","-"
"352","Copper","X7904982_chr12_660373_C_T","X5032616_chr08_202730_A_C","QTL-QTL","-"
"353","Copper","X7904982_chr12_660373_C_T","X9667278_chr14_420065_T_C","QTL-QTL","-"
"354","Copper","X7904982_chr12_660373_C_T","X8368585_chr13_45801_T_C","QTL-QTL","-"
"355","Copper","X5473930_chr09_81401_T_C","X5032616_chr08_202730_A_C","QTL-QTL","-"
"356","Copper","X7944722_chr12_700113_G_A","X5473930_chr09_81401_T_C","-","vQTL-vQTL"
"357","Copper","X9608744_chr14_361531_C_A","X5473930_chr09_81401_T_C","-","vQTL-vQTL"
"358","Copper","X9608744_chr14_361531_C_A","X7944722_chr12_700113_G_A","-","vQTL-vQTL"
"359","Copper","X7885056_chr12_640447_G_A","X5473930_chr09_81401_T_C","-","vQTL-vQTL"
"360","Copper","X7885056_chr12_640447_G_A","X9608744_chr14_361531_C_A","-","vQTL-vQTL"
"361","Copper","X5032616_chr08_202730_A_C","X5473930_chr09_81401_T_C","-","vQTL-vQTL"
"362","Copper","X5032616_chr08_202730_A_C","X7944722_chr12_700113_G_A","-","vQTL-vQTL"
"363","Copper","X5032616_chr08_202730_A_C","X9608744_chr14_361531_C_A","-","vQTL-vQTL"
"364","Copper","X5032616_chr08_202730_A_C","X7885056_chr12_640447_G_A","-","vQTL-vQTL"
"365","Copper","X8982854_chr13_660070_T_C","X5473930_chr09_81401_T_C","-","vQTL-vQTL"
"366","Copper","X8982854_chr13_660070_T_C","X5713136_chr09_320607_T_C","-","vQTL-vQTL"
"367","Copper","X8982854_chr13_660070_T_C","X7885056_chr12_640447_G_A","-","vQTL-vQTL"
"368","Copper","X8982854_chr13_660070_T_C","X5032616_chr08_202730_A_C","-","vQTL-vQTL"
"369","Copper","X8483449_chr13_160665_G_A","X7944722_chr12_700113_G_A","-","vQTL-vQTL"
"370","Copper","X8483449_chr13_160665_G_A","X7885056_chr12_640447_G_A","-","vQTL-vQTL"
"371","Copper","X8483449_chr13_160665_G_A","X5032616_chr08_202730_A_C","-","vQTL-vQTL"
"372","Copper","X8004636_chr12_760027_T_C","X9608744_chr14_361531_C_A","-","vQTL-vQTL"
"373","Copper","X8004636_chr12_760027_T_C","X5032616_chr08_202730_A_C","-","vQTL-vQTL"
"374","Copper","X8004636_chr12_760027_T_C","X8483449_chr13_160665_G_A","-","vQTL-vQTL"
"375","Copper","X10912333_chr15_880787_C_T","X7944722_chr12_700113_G_A","-","vQTL-vQTL"
"376","Copper","X10912333_chr15_880787_C_T","X5713136_chr09_320607_T_C","-","vQTL-vQTL"
"377","Copper","X10912333_chr15_880787_C_T","X8004636_chr12_760027_T_C","-","vQTL-vQTL"
"378","Copper","X1440060_chr04_80057_C_T","X4139104_chr07_400165_T_C","-","vQTL-vQTL"
"379","Copper","X1440060_chr04_80057_C_T","X11293070_chr16_170235_T_C","-","vQTL-vQTL"
"380","Copper","X1440060_chr04_80057_C_T","X7944722_chr12_700113_G_A","-","vQTL-vQTL"
"381","Copper","X1440060_chr04_80057_C_T","X7885056_chr12_640447_G_A","-","vQTL-vQTL"
"382","Copper","X1440060_chr04_80057_C_T","X5032616_chr08_202730_A_C","-","vQTL-vQTL"
"383","Copper","X1440060_chr04_80057_C_T","X8483449_chr13_160665_G_A","-","vQTL-vQTL"
"384","Copper","X3213542_chr05_321620_G_T","X7944722_chr12_700113_G_A","-","vQTL-vQTL"
"385","Copper","X3213542_chr05_321620_G_T","X7885056_chr12_640447_G_A","-","vQTL-vQTL"
"386","Copper","X3213542_chr05_321620_G_T","X8004636_chr12_760027_T_C","-","vQTL-vQTL"
"387","Lithium_Chloride","X1880658_chr04_520655_G_A","X10171558_chr15_140012_T_C","QTL-QTL","-"
"388","Lithium_Chloride","X611116_chr02_380908_T_C","X7344734_chr12_100125_C_T","-","vQTL-vQTL"
"389","Lithium_Chloride","X8104639_chr12_860030_G_A","X611116_chr02_380908_T_C","-","vQTL-vQTL"
"390","Lithium_Chloride","X1680020_chr04_320017_T_C","X7344734_chr12_100125_C_T","-","vQTL-vQTL"
"391","Lithium_Chloride","X3175344_chr05_283422_T_C","X495981_chr02_265773_G_A","-","vQTL-vQTL"
"392","Lithium_Chloride","X7904982_chr12_660373_C_T","X7344734_chr12_100125_C_T","-","vQTL-vQTL"
"393","Lithium_Chloride","X12043009_chr16_920174_G_C","X495981_chr02_265773_G_A","-","vQTL-vQTL"
"394","Lithium_Chloride","X8185533_chr12_940924_G_T","X611116_chr02_380908_T_C","-","vQTL-vQTL"
"395","Lithium_Chloride","X8185533_chr12_940924_G_T","X1680020_chr04_320017_T_C","-","vQTL-vQTL"
"396","Lithium_Chloride","X9729110_chr14_481897_A_G","X8104639_chr12_860030_G_A","-","vQTL-vQTL"
"397","Lithium_Chloride","X9729110_chr14_481897_A_G","X8185533_chr12_940924_G_T","-","vQTL-vQTL"
"398","Lithium_Chloride","X10171558_chr15_140012_T_C","X8104639_chr12_860030_G_A","-","vQTL-vQTL"
"399","Lithium_Chloride","X10171558_chr15_140012_T_C","X8185533_chr12_940924_G_T","-","vQTL-vQTL"
"400","Maltose","X7218605_chr11_640450_T_C","X4799001_chr07_1060062_C_T","QTL-QTL","-"
"401","Maltose","X495981_chr02_265773_G_A","X7524808_chr12_280199_A_G","-","vQTL-vQTL"
"402","Maltose","X495981_chr02_265773_G_A","X410590_chr02_180382_A_G","-","vQTL-vQTL"
"403","Maltose","X370232_chr02_140024_C_T","X7524808_chr12_280199_A_G","-","vQTL-vQTL"
"404","Maltose","X370232_chr02_140024_C_T","X410590_chr02_180382_A_G","-","vQTL-vQTL"
"405","Maltose","X370232_chr02_140024_C_T","X495981_chr02_265773_G_A","-","vQTL-vQTL"
"406","Calcium_Chloride","X8788402_chr13_465618_G_T","X6618362_chr11_40207_C_G","-","vQTL-vQTL"
"407","Calcium_Chloride","X8788402_chr13_465618_G_T","X8145421_chr12_900812_C_G","-","vQTL-vQTL"
"408","Calcium_Chloride","X7504612_chr12_260003_G_C","X6618362_chr11_40207_C_G","-","vQTL-vQTL"
"409","Calcium_Chloride","X7504612_chr12_260003_G_C","X8788402_chr13_465618_G_T","-","vQTL-vQTL"
"410","Calcium_Chloride","X5513989_chr09_121460_A_G","X8145421_chr12_900812_C_G","-","vQTL-vQTL"
"411","Calcium_Chloride","X8823148_chr13_500364_G_A","X6618362_chr11_40207_C_G","-","vQTL-vQTL"
"412","Calcium_Chloride","X8823148_chr13_500364_G_A","X7504612_chr12_260003_G_C","-","vQTL-vQTL"
"413","Calcium_Chloride","X2260294_chr04_900291_C_T","X6618362_chr11_40207_C_G","-","vQTL-vQTL"
"414","Calcium_Chloride","X2260294_chr04_900291_C_T","X7504612_chr12_260003_G_C","-","vQTL-vQTL"
"415","x4.Hydroxybenzaldehyde","X8368585_chr13_45801_T_C","X9608744_chr14_361531_C_A","QTL-QTL","-"
"416","x4.Hydroxybenzaldehyde","X8368585_chr13_45801_T_C","X1880658_chr04_520655_G_A","QTL-QTL","-"
"417","x4.Hydroxybenzaldehyde","X8368585_chr13_45801_T_C","X7904982_chr12_660373_C_T","QTL-QTL","-"
"418","x4.Hydroxybenzaldehyde","-","vQTL-vQTL","x4.Hydroxybenzaldehyde","-"
"419","x4.Hydroxybenzaldehyde","-","vQTL-vQTL","x4.Hydroxybenzaldehyde","-"
"420","x4.Hydroxybenzaldehyde","X9608744_chr14_361531_C_A","X3151975_chr05_260053_A_G","-","vQTL-vQTL"
"421","Galactose","X5070623_chr08_240737_G_A","X10572420_chr15_540874_A_G","QTL-QTL","-"
"422","Galactose","X3372594_chr05_480672_A_T","X6779408_chr11_201253_G_A","-","vQTL-vQTL"
"423","Galactose","X9608744_chr14_361531_C_A","X6779408_chr11_201253_G_A","-","vQTL-vQTL"
"424","Galactose","X9608744_chr14_361531_C_A","X3372594_chr05_480672_A_T","-","vQTL-vQTL"
"425","Mannose","X10192190_chr15_160644_C_T","X9547232_chr14_300019_T_C","QTL-QTL","-"
"426","Mannose","X10192190_chr15_160644_C_T","X10511638_chr15_480092_C_T","QTL-QTL","-"
"427","Mannose","X10192190_chr15_160644_C_T","X7904982_chr12_660373_C_T","QTL-QTL","-"
"428","Mannose","X7624858_chr12_380249_A_G","X9488328_chr14_241115_G_A","-","vQTL-vQTL"
"429","x6.Azauracil","X9747601_chr14_500388_A_G","X6036998_chr10_204584_G_A","-","vQTL-vQTL"
"430","x6.Azauracil","X5872514_chr10_40100_A_T","X6036998_chr10_204584_G_A","-","vQTL-vQTL"
"431","x6.Azauracil","X5872514_chr10_40100_A_T","X9747601_chr14_500388_A_G","-","vQTL-vQTL"
"432","x6.Azauracil","X5972827_chr10_140413_G_A","X6036998_chr10_204584_G_A","-","vQTL-vQTL"
"433","x6.Azauracil","X5972827_chr10_140413_G_A","X5872514_chr10_40100_A_T","-","vQTL-vQTL"
"434","x6.Azauracil","X2300972_chr04_940969_G_C","X6036998_chr10_204584_G_A","-","vQTL-vQTL"
"435","x6.Azauracil","X2300972_chr04_940969_G_C","X9747601_chr14_500388_A_G","-","vQTL-vQTL"
"436","x6.Azauracil","X2300972_chr04_940969_G_C","X5872514_chr10_40100_A_T","-","vQTL-vQTL"
"437","x6.Azauracil","X2300972_chr04_940969_G_C","X5972827_chr10_140413_G_A","-","vQTL-vQTL"
"438","x6.Azauracil","X8703423_chr13_380639_A_G","X6036998_chr10_204584_G_A","-","vQTL-vQTL"
"439","x6.Azauracil","X8703423_chr13_380639_A_G","X9747601_chr14_500388_A_G","-","vQTL-vQTL"
"440","x6.Azauracil","X8703423_chr13_380639_A_G","X5872514_chr10_40100_A_T","-","vQTL-vQTL"
"441","x6.Azauracil","X8703423_chr13_380639_A_G","X5972827_chr10_140413_G_A","-","vQTL-vQTL"
"442","Magnesium_Chloride","X9608744_chr14_361531_C_A","X10511638_chr15_480092_C_T","QTL-QTL","-"
"443","Magnesium_Chloride","X6919552_chr11_341397_A_T","X7565075_chr12_320466_C_T","-","vQTL-vQTL"
"444","Magnesium_Chloride","X9947381_chr14_700168_C_T","X7565075_chr12_320466_C_T","-","vQTL-vQTL"
"445","Magnesium_Chloride","X9947381_chr14_700168_C_T","X6919552_chr11_341397_A_T","-","vQTL-vQTL"
"446","Magnesium_Chloride","X8623107_chr13_300323_G_C","X7565075_chr12_320466_C_T","-","vQTL-vQTL"
"447","Magnesium_Chloride","X8623107_chr13_300323_G_C","X6919552_chr11_341397_A_T","-","vQTL-vQTL"
"448","Magnesium_Chloride","X8623107_chr13_300323_G_C","X9947381_chr14_700168_C_T","-","vQTL-vQTL"
"449","Ethanol","X9709078_chr14_461865_C_G","X1840077_chr04_480074_G_C","QTL-QTL","-"
"450","Ethanol","X7924770_chr12_680161_C_T","X9709078_chr14_461865_C_G","QTL-QTL","-"
"451","Ethanol","X10192190_chr15_160644_C_T","X1840077_chr04_480074_G_C","QTL-QTL","-"
"452","Ethanol","X10192190_chr15_160644_C_T","X9709078_chr14_461865_C_G","QTL-QTL","-"
"453","Ethanol","X10192190_chr15_160644_C_T","X7924770_chr12_680161_C_T","QTL-QTL","-"
"454","Ethanol","X9608744_chr14_361531_C_A","X7944722_chr12_700113_G_A","-","vQTL-vQTL"
"455","Ethanol","X7865152_chr12_620543_T_C","X7944722_chr12_700113_G_A","-","vQTL-vQTL"
"456","Ethanol","X7865152_chr12_620543_T_C","X9608744_chr14_361531_C_A","-","vQTL-vQTL"
"457","Ethanol","X11623022_chr16_500187_A_G","X7865152_chr12_620543_T_C","-","vQTL-vQTL"
"458","Ethanol","X3939296_chr07_200357_C_T","X7944722_chr12_700113_G_A","-","vQTL-vQTL"
"459","Ethanol","X3939296_chr07_200357_C_T","X9608744_chr14_361531_C_A","-","vQTL-vQTL"
"460","Ethanol","X9709078_chr14_461865_C_G","X7944722_chr12_700113_G_A","-","vQTL-vQTL"
"461","Ethanol","X9709078_chr14_461865_C_G","X9608744_chr14_361531_C_A","-","vQTL-vQTL"
"462","Ethanol","X9709078_chr14_461865_C_G","X7865152_chr12_620543_T_C","-","vQTL-vQTL"
"463","Ethanol","X9709078_chr14_461865_C_G","X11623022_chr16_500187_A_G","-","vQTL-vQTL"
"464","Ethanol","X9709078_chr14_461865_C_G","X3939296_chr07_200357_C_T","-","vQTL-vQTL"
"465","Ethanol","X5090231_chr08_260345_T_C","X9608744_chr14_361531_C_A","-","vQTL-vQTL"
"466","Ethanol","X5090231_chr08_260345_T_C","X9709078_chr14_461865_C_G","-","vQTL-vQTL"
"467","Ethanol","X11448684_chr16_325849_T_C","X7944722_chr12_700113_G_A","-","vQTL-vQTL"
"468","Ethanol","X11448684_chr16_325849_T_C","X7865152_chr12_620543_T_C","-","vQTL-vQTL"
"469","Ethanol","X11448684_chr16_325849_T_C","X11623022_chr16_500187_A_G","-","vQTL-vQTL"
"470","Ethanol","X11448684_chr16_325849_T_C","X3939296_chr07_200357_C_T","-","vQTL-vQTL"
"471","Ethanol","X11448684_chr16_325849_T_C","X9709078_chr14_461865_C_G","-","vQTL-vQTL"
"472","Ethanol","X11448684_chr16_325849_T_C","X5090231_chr08_260345_T_C","-","vQTL-vQTL"
"473","Lactate","X10415073_chr15_383527_A_T","X3151975_chr05_260053_A_G","-","vQTL-vQTL"
"474","Lactate","X10415073_chr15_383527_A_T","X10611633_chr15_580087_GTTTT_GTTT","-","vQTL-vQTL"
"475","Lactate","X10415073_chr15_383527_A_T","X8024723_chr12_780114_T_C","-","vQTL-vQTL"
"476","Lactate","X9787398_chr14_540185_C_T","X4119310_chr07_380371_T_C","-","vQTL-vQTL"
"477","Lactate","X9787398_chr14_540185_C_T","X8024723_chr12_780114_T_C","-","vQTL-vQTL"
"478","Lactate","X10171558_chr15_140012_T_C","X2800114_chr04_1440111_C_T","-","vQTL-vQTL"
"479","Lactate","X10171558_chr15_140012_T_C","X3151975_chr05_260053_A_G","-","vQTL-vQTL"
"480","Lactate","X10171558_chr15_140012_T_C","X10611633_chr15_580087_GTTTT_GTTT","-","vQTL-vQTL"
"481","Lactate","X10171558_chr15_140012_T_C","X8024723_chr12_780114_T_C","-","vQTL-vQTL"
"482","Lactate","X10171558_chr15_140012_T_C","X10415073_chr15_383527_A_T","-","vQTL-vQTL"
"483","Lactate","X10171558_chr15_140012_T_C","X5070623_chr08_240737_G_A","-","vQTL-vQTL"
"484","Lactate","X10171558_chr15_140012_T_C","X9787398_chr14_540185_C_T","-","vQTL-vQTL"
"485","Lactate","X7485770_chr12_241161_T_C","X10171558_chr15_140012_T_C","-","vQTL-vQTL"
"486","Lactate","X4059770_chr07_320831_T_C","X8024723_chr12_780114_T_C","-","vQTL-vQTL"
"487","Lactate","X4059770_chr07_320831_T_C","X10171558_chr15_140012_T_C","-","vQTL-vQTL"
"488","Lactose","X4199274_chr07_460335_T_C","X5554264_chr09_161735_T_C","-","vQTL-vQTL"
"489","Lactose","X9747601_chr14_500388_A_G","X5775777_chr09_383248_A_G","-","vQTL-vQTL"
"490","Lactose","X9747601_chr14_500388_A_G","X8004636_chr12_760027_T_C","-","vQTL-vQTL"
"491","Lactose","X4319121_chr07_580182_G_T","X5554264_chr09_161735_T_C","-","vQTL-vQTL"
"492","Lactose","X4319121_chr07_580182_G_T","X5775777_chr09_383248_A_G","-","vQTL-vQTL"
"493","Lactose","X4319121_chr07_580182_G_T","X890392_chr02_660184_A_G","-","vQTL-vQTL"
"494","Lactose","X9848025_chr14_600812_G_T","X8004636_chr12_760027_T_C","-","vQTL-vQTL"
"495","Lactose","X4080993_chr07_342054_A_G","X5775777_chr09_383248_A_G","-","vQTL-vQTL"
"496","Lactose","X2500683_chr04_1140680_G_A","X9747601_chr14_500388_A_G","-","vQTL-vQTL"
"497","Xylose","X10192190_chr15_160644_C_T","X9709078_chr14_461865_C_G","QTL-QTL","-"
"498","Xylose","X7985424_chr12_740815_A_G","X9709078_chr14_461865_C_G","QTL-QTL","-"
"499","Xylose","X11827229_chr16_704394_G_C","X4039894_chr07_300955_T_C","-","vQTL-vQTL"
"500","Xylose","X9787398_chr14_540185_C_T","X4039894_chr07_300955_T_C","-","vQTL-vQTL"
"501","Xylose","X9787398_chr14_540185_C_T","X11827229_chr16_704394_G_C","-","vQTL-vQTL"
"502","Xylose","X10192190_chr15_160644_C_T","X4039894_chr07_300955_T_C","-","vQTL-vQTL"
"503","Xylose","X10192190_chr15_160644_C_T","X11827229_chr16_704394_G_C","-","vQTL-vQTL"
"504","Xylose","X10192190_chr15_160644_C_T","X9787398_chr14_540185_C_T","-","vQTL-vQTL"
"505","Trehalose","X4179637_chr07_440698_T_A","X3919952_chr07_181013_T_C","-","vQTL-vQTL"
"506","Trehalose","X2932229_chr05_40307_A_G","X3919952_chr07_181013_T_C","-","vQTL-vQTL"
"507","Trehalose","X2932229_chr05_40307_A_G","X4179637_chr07_440698_T_A","-","vQTL-vQTL"
"508","Trehalose","X4780733_chr07_1041794_G_T","X3919952_chr07_181013_T_C","-","vQTL-vQTL"
"509","Trehalose","X2561617_chr04_1201614_C_T","X3919952_chr07_181013_T_C","-","vQTL-vQTL"
"510","Trehalose","X2561617_chr04_1201614_C_T","X9787398_chr14_540185_C_T","-","vQTL-vQTL"
"511","Trehalose","X4080993_chr07_342054_A_G","X9787398_chr14_540185_C_T","-","vQTL-vQTL"
"512","Trehalose","X4080993_chr07_342054_A_G","X4780733_chr07_1041794_G_T","-","vQTL-vQTL"
"513","Trehalose","X9729110_chr14_481897_A_G","X3919952_chr07_181013_T_C","-","vQTL-vQTL"
"514","Trehalose","X9729110_chr14_481897_A_G","X9787398_chr14_540185_C_T","-","vQTL-vQTL"
"515","Trehalose","X9729110_chr14_481897_A_G","X2561617_chr04_1201614_C_T","-","vQTL-vQTL"
"516","Trehalose","X9729110_chr14_481897_A_G","X4080993_chr07_342054_A_G","-","vQTL-vQTL"
"517","x5.Fluorocytosine","X9729110_chr14_481897_A_G","X9134961_chr13_812177_C_A","QTL-QTL","-"
"518","x5.Fluorocytosine","X9134961_chr13_812177_C_A","X9729110_chr14_481897_A_G","-","vQTL-vQTL"
"519","x5.Fluorocytosine","X9892164_chr14_644951_G_A","X9729110_chr14_481897_A_G","-","vQTL-vQTL"
"520","x5.Fluorocytosine","X9892164_chr14_644951_G_A","X9134961_chr13_812177_C_A","-","vQTL-vQTL"
"521","x5.Fluorocytosine","X370232_chr02_140024_C_T","X9729110_chr14_481897_A_G","-","vQTL-vQTL"
"522","x5.Fluorocytosine","X370232_chr02_140024_C_T","X9134961_chr13_812177_C_A","-","vQTL-vQTL"
"523","x5.Fluorocytosine","X370232_chr02_140024_C_T","X9892164_chr14_644951_G_A","-","vQTL-vQTL"
"524","x5.Fluorocytosine","X6958400_chr11_380245_C_T","X9729110_chr14_481897_A_G","-","vQTL-vQTL"
"525","x5.Fluorocytosine","X6958400_chr11_380245_C_T","X9134961_chr13_812177_C_A","-","vQTL-vQTL"
"526","x5.Fluorocytosine","X6958400_chr11_380245_C_T","X9892164_chr14_644951_G_A","-","vQTL-vQTL"
"527","x5.Fluorocytosine","X6958400_chr11_380245_C_T","X370232_chr02_140024_C_T","-","vQTL-vQTL"
"528","x5.Fluorouracil","X3175344_chr05_283422_T_C","X350796_chr02_120588_A_G","QTL-QTL","-"
"529","x5.Fluorouracil","X5672608_chr09_280079_T_G","X10192190_chr15_160644_C_T","QTL-QTL","-"
"530","x5.Fluorouracil","X9729110_chr14_481897_A_G","X10192190_chr15_160644_C_T","QTL-QTL","-"
"531","x5.Fluorouracil","X10892123_chr15_860577_T_C","X3192658_chr05_300736_G_A","-","vQTL-vQTL"
